rule_id;domaine;type;priorite;statut_actuel;texte_source;article;url;version_date_declaree;enonce_actuel;exceptions_statut_actuel;verdict;methode;verifie_par;date_verification;statut_vise;enonce_corrige;article_corrige;paragraphe_corrige;url_corrigee;version_date_constatee;exceptions_statut;exceptions_constatees;gold_ready;gold_ready_motif;commentaire
AMF-R-001;AMF;THRESHOLD;CRITICAL;source_checked;Position-recommandation AMF DOC-2020-03;Position-recommandation DOC-2020-03;https://www.amf-france.org/fr/reglementation/doctrine/doc-2020-03;2020-01-01;La position-recommandation AMF DOC-2020-03 subordonne la possibilité pour un placement collectif de communiquer de manière centrale sur la prise en compte de critères extra-financiers au caractère significativement engageant de l'approche mise en œuvre.;unknown;;;;;;;;;;;;;;;"STRUCTURES — seuil, renvoi || CRITÈRES MANQUANTS — exceptions_recherchees || CONSTATS — aucune structure limitante dans l'article cité — ce qui ne prouve pas qu'aucun autre article n'y déroge : « none_identified » demande un juriste ; renvois vérifiés dans l'acte : articles 19"
AMF-R-002;AMF;OBLIGATION;HIGH;source_checked;Position-recommandation AMF DOC-2020-03;Position-recommandation DOC-2020-03;https://www.amf-france.org/fr/reglementation/doctrine/doc-2020-03;2020-01-01;La position-recommandation AMF DOC-2020-03 distingue plusieurs niveaux de communication sur la prise en compte de critères extra-financiers, du niveau central au niveau réduit, selon le degré d'engagement du produit.;unknown;;;;;;;;;;;;;;;"STRUCTURES — seuil, renvoi || CRITÈRES MANQUANTS — exceptions_recherchees || CONSTATS — aucune structure limitante dans l'article cité — ce qui ne prouve pas qu'aucun autre article n'y déroge : « none_identified » demande un juriste ; renvois vérifiés dans l'acte : articles 19"
AMF-R-003;AMF;OBLIGATION;HIGH;source_checked;Position-recommandation AMF DOC-2020-03;Position-recommandation DOC-2020-03;https://www.amf-france.org/fr/reglementation/doctrine/doc-2020-03;2020-01-01;La position-recommandation AMF DOC-2020-03 traite de la cohérence entre la dénomination d'un placement collectif faisant référence à des considérations extra-financières et la réalité de l'approche mise en œuvre.;unknown;;;;;;;;;;;;;;;"STRUCTURES — seuil, renvoi || CRITÈRES MANQUANTS — exceptions_recherchees || CONSTATS — aucune structure limitante dans l'article cité — ce qui ne prouve pas qu'aucun autre article n'y déroge : « none_identified » demande un juriste ; renvois vérifiés dans l'acte : articles 19"
AMF-R-004;AMF;SCOPE;CRITICAL;source_checked;Position-recommandation AMF DOC-2020-03;Position-recommandation DOC-2020-03;https://www.amf-france.org/fr/reglementation/doctrine/doc-2020-03;2020-01-01;La doctrine AMF relative aux informations extra-financières des placements collectifs s'applique en complément du règlement (UE) 2019/2088, qui régit l'information réglementaire, la doctrine portant sur la communication.;unknown;;;;;;;;;;;;;;;"STRUCTURES — seuil, renvoi || CRITÈRES MANQUANTS — exceptions_recherchees || CONSTATS — aucune structure limitante dans l'article cité — ce qui ne prouve pas qu'aucun autre article n'y déroge : « none_identified » demande un juriste ; renvois vérifiés dans l'acte : articles 19"
AMF-R-005;AMF;SCOPE;HIGH;draft;Règlement général de l'AMF;Règlement général;https://www.amf-france.org/fr/reglementation/reglement-general;2020-01-01;Le règlement général de l'AMF fixe les règles applicables aux acteurs et aux produits relevant de la compétence de l'Autorité des marchés financiers, et se distingue de la doctrine, qui explicite l'interprétation retenue par l'Autorité.;unknown;;;;;;;;;;;;;;;STRUCTURES — aucune || CONSTATS — texte de l'article non disponible : la structure juridique n'a pas pu être examinée, et une absence d'exception ne se suppose pas
DORA-R-001;DORA;SCOPE;CRITICAL;validated;Règlement (UE) 2022/2554 (DORA);Article 2;https://eur-lex.europa.eu/legal-content/FR/TXT/?uri=CELEX:32022R2554;2020-01-01;L'article 2 du règlement (UE) 2022/2554 énumère les catégories d'entités financières auxquelles le règlement s'applique, ainsi que les prestataires tiers de services TIC, et prévoit des exclusions pour certaines entités.;identified_and_incorporated;confirme;primary_text_fetched;;;validated;;;;;;identified_and_incorporated;"Sans préjudice des paragraphes 3 et 4, le présent règlement s’applique aux entités suivantes: a) les établissements de crédit; b) les établissements de paiement, y compris les établissements de paiement exemptés en vertu de la directive (UE) 2015/2366; c) les prestataires de services d’information sur les comptes; d) les établissements de monnaie électronique, y compris les établissements de monna | Le présent règlement ne s’applique pas aux: a) gestionnaires de fonds d’investissement alternatifs visés à l’article 3, paragraphe 2, de la directive 2011/61/UE; b) entreprises d’assurance et de réassurance visées à l’article 4 de la directive 2009/138/CE; c) institutions de retraite professionnelle qui gèrent des régimes de retraite qui, ensemble, ne comptent pas plus de quinze affiliés au total;";oui;énoncé porteur d'un fait vérifiable, ancré sur « Article 2 » (220 caractères), exceptions « identified_and_incorporated »;STRUCTURES — derogation, exemption, conditions_cumulatives, regime_particulier || CONSTATS — 2 disposition(s) limitante(s) recopiée(s) du texte officiel (derogation, exemption)
DORA-R-002;DORA;GOVERNANCE;CRITICAL;source_checked;Règlement (UE) 2022/2554 (DORA);Article 5;https://eur-lex.europa.eu/legal-content/FR/TXT/?uri=CELEX:32022R2554;2020-01-01;L'article 5 du règlement (UE) 2022/2554 dispose que l'organe de direction de l'entité financière définit, approuve, supervise et est responsable de la mise en œuvre du cadre de gestion du risque lié aux TIC.;unknown;;;;;;;;;;;;;;;STRUCTURES — conditions_cumulatives, regime_particulier || CRITÈRES MANQUANTS — exceptions_recherchees || CONSTATS — aucune structure limitante dans l'article cité — ce qui ne prouve pas qu'aucun autre article n'y déroge : « none_identified » demande un juriste
DORA-R-003;DORA;OBLIGATION;CRITICAL;source_checked;Règlement (UE) 2022/2554 (DORA);Article 6;https://eur-lex.europa.eu/legal-content/FR/TXT/?uri=CELEX:32022R2554;2020-01-01;L'article 6 impose de disposer d'un cadre de gestion du risque lié aux TIC solide, complet et bien documenté, faisant partie du dispositif global de gestion des risques, et de le réexaminer au moins une fois par an.;unknown;;;;;;;;;;;;;;;"STRUCTURES — conditions_cumulatives, regime_particulier || CRITÈRES MANQUANTS — exceptions_recherchees, temporalite_etablie || CONSTATS — aucune structure limitante dans l'article cité — ce qui ne prouve pas qu'aucun autre article n'y déroge : « none_identified » demande un juriste ; temporalité non établie (statut « IN_FORCE »)"
DORA-R-004;DORA;PROCEDURE;HIGH;source_checked;Règlement (UE) 2022/2554 (DORA);Articles 8 à 13;https://eur-lex.europa.eu/legal-content/FR/TXT/?uri=CELEX:32022R2554;2020-01-01;Les articles 8 à 13 du règlement (UE) 2022/2554 organisent les fonctions du cadre de gestion du risque TIC : identification des fonctions et actifs, protection et prévention, détection des activités anormales, réponse et rétablissement, politiques de sauvegarde et de restauration, apprentissage et évolution.;unknown;;;;;;;;;;;;;;;STRUCTURES — conditions_cumulatives, delai, regime_particulier || CRITÈRES MANQUANTS — exceptions_recherchees || CONSTATS — aucune structure limitante dans l'article cité — ce qui ne prouve pas qu'aucun autre article n'y déroge : « none_identified » demande un juriste
DORA-R-005;DORA;EXCEPTION;HIGH;validated;Règlement (UE) 2022/2554 (DORA);Article 16;https://eur-lex.europa.eu/legal-content/FR/TXT/?uri=CELEX:32022R2554;2020-01-01;L'article 16 prévoit un cadre simplifié de gestion du risque lié aux TIC pour certaines entités financières limitativement énumérées.;identified_and_incorporated;confirme;primary_text_fetched;;;validated;;;;;;identified_and_incorporated;"Les articles 5 à 15 du présent règlement ne s’appliquent pas aux petites entreprises d’investissement non interconnectées et aux établissements de paiement exemptés en vertu de la directive (UE) 2015/2366; aux établissements exemptés en vertu de la directive 2013/36/UE pour lesquels les États membres ont décidé de ne pas appliquer l’option visée à l’article 2, paragraphe 4, du présent règlement; a | Sans préjudice du premier alinéa, les entités énumérées au premier alinéa doivent: a) mettre en place et maintenir un cadre de gestion du risque lié aux TIC solide et documenté qui détaille les mécanismes et les mesures permettant une gestion rapide, efficace et complète du risque lié aux TIC, y compris en ce qui concerne la protection des composantes et infrastructures physiques pertinentes; b) s";oui;énoncé porteur d'un fait vérifiable, ancré sur « Article 16 » (133 caractères), exceptions « identified_and_incorporated »;STRUCTURES — derogation, exemption, conditions_cumulatives, delai || CONSTATS — 2 disposition(s) limitante(s) recopiée(s) du texte officiel (derogation, exemption)
DORA-R-006;DORA;PROCEDURE;HIGH;source_checked;Règlement (UE) 2022/2554 (DORA);Article 17;https://eur-lex.europa.eu/legal-content/FR/TXT/?uri=CELEX:32022R2554;2020-01-01;L'article 17 impose de définir, d'établir et de mettre en œuvre un processus de gestion des incidents liés aux TIC permettant de les détecter, de les gérer et de les notifier.;unknown;;;;;;;;;;;;;;;STRUCTURES — conditions_cumulatives || CRITÈRES MANQUANTS — exceptions_recherchees || CONSTATS — aucune structure limitante dans l'article cité — ce qui ne prouve pas qu'aucun autre article n'y déroge : « none_identified » demande un juriste
DORA-R-007;DORA;CLASSIFICATION;CRITICAL;source_checked;Règlement (UE) 2022/2554 (DORA);Article 18;https://eur-lex.europa.eu/legal-content/FR/TXT/?uri=CELEX:32022R2554;2020-01-01;L'article 18 impose de classer les incidents liés aux TIC et de déterminer leur incidence selon des critères tels que le nombre de clients affectés, la durée, la répartition géographique, les pertes de données et la criticité des services touchés, les seuils étant précisés par des normes techniques.;unknown;;;;;;;;;;;;;;;"STRUCTURES — conditions_cumulatives, delai, regime_particulier || CRITÈRES MANQUANTS — exceptions_recherchees, temporalite_etablie || CONSTATS — aucune structure limitante dans l'article cité — ce qui ne prouve pas qu'aucun autre article n'y déroge : « none_identified » demande un juriste ; temporalité non établie (statut « IN_FORCE »)"
DORA-R-008;DORA;DEADLINE;CRITICAL;source_checked;Règlement (UE) 2022/2554 (DORA);Article 19;https://eur-lex.europa.eu/legal-content/FR/TXT/?uri=CELEX:32022R2554;2020-01-01;L'article 19 impose de notifier les incidents majeurs liés aux TIC à l'autorité compétente, selon un processus comportant une notification initiale, un rapport intermédiaire et un rapport final, dont les délais sont précisés par des normes techniques.;unknown;;;;;;;;;;;;;;;"STRUCTURES — derogation, conditions_cumulatives, conditions_alternatives, definition_necessaire || CRITÈRES MANQUANTS — temporalite_etablie || CONSTATS — 2 disposition(s) limitante(s) recopiée(s) du texte officiel (derogation) ; temporalité non établie (statut « IN_FORCE »)"
DORA-R-009;DORA;OBLIGATION;HIGH;validated;Règlement (UE) 2022/2554 (DORA);Articles 24 à 26;https://eur-lex.europa.eu/legal-content/FR/TXT/?uri=CELEX:32022R2554;2020-01-01;Les articles 24 à 26 du règlement (UE) 2022/2554 imposent un programme de tests de résilience opérationnelle numérique et prévoient, pour certaines entités, des tests de pénétration fondés sur la menace.;identified_and_incorporated;confirme;primary_text_fetched;;;validated;;;;;;identified_and_incorporated;Sans préjudice du paragraphe 2, premier et deuxième alinéas, lorsque l’on peut raisonnablement s’attendre à ce que la participation d’un prestataire tiers de services TIC au test de pénétration fondé sur la menace, visée au paragraphe 3, ait une incidence négative sur la qualité ou sur la sécurité des services que le prestataire tiers de services TIC fournit à des clients qui sont des entités ne r | Sans préjudice de ladite attestation, les entités financières restent à tout moment pleinement responsables de l’incidence des tests visée au paragraphe 4. 8. | En l’absence de désignation conformément au paragraphe 9 du présent article, et sans préjudice du pouvoir de désigner les entités financières qui sont tenues de réaliser un test de pénétration fondé sur la menace, une autorité compétente peut déléguer l’exercice de tout ou partie des tâches visées au présent article et à l’article 27 à une autre autorité nationale du secteur financier. 11.;oui;énoncé porteur d'un fait vérifiable, ancré sur « Articles 24 à 26 » (203 caractères), exceptions « identified_and_incorporated »;STRUCTURES — derogation, conditions_cumulatives, delai, regime_particulier || CONSTATS — 3 disposition(s) limitante(s) recopiée(s) du texte officiel (derogation)
DORA-R-010;DORA;RECORD_KEEPING;CRITICAL;source_checked;Règlement (UE) 2022/2554 (DORA);Article 28;https://eur-lex.europa.eu/legal-content/FR/TXT/?uri=CELEX:32022R2554;2020-01-01;L'article 28 du règlement (UE) 2022/2554 impose de tenir et de mettre à jour un registre d'information relatif à l'ensemble des accords contractuels portant sur l'utilisation de services TIC fournis par des prestataires tiers, en distinguant ceux qui soutiennent des fonctions critiques ou importantes.;unknown;;;;;;;;;;;;;;;STRUCTURES — conditions_cumulatives, delai, regime_particulier || CRITÈRES MANQUANTS — exceptions_recherchees || CONSTATS — aucune structure limitante dans l'article cité — ce qui ne prouve pas qu'aucun autre article n'y déroge : « none_identified » demande un juriste
DORA-R-011;DORA;OBLIGATION;CRITICAL;validated;Règlement (UE) 2022/2554 (DORA);Article 30;https://eur-lex.europa.eu/legal-content/FR/TXT/?uri=CELEX:32022R2554;2020-01-01;L'article 30 énumère les dispositions que doivent contenir les accords contractuels avec les prestataires tiers de services TIC, avec des exigences renforcées lorsque les services soutiennent des fonctions critiques ou importantes, notamment en matière d'accès, d'inspection, d'audit et de stratégies de sortie.;identified_and_incorporated;confirme;primary_text_fetched;;;validated;;;;;;identified_and_incorporated;Par dérogation au point e), le prestataire tiers de services TIC et l’entité financière qui est une microentreprise peuvent convenir que les droits d’accès, d’inspection et d’audit de l’entité financière peuvent être délégués à une tierce partie indépendante, nommée par le prestataire tiers de services TIC, et que l’entité financière est habilitée à demander à la tierce partie, en tout temps, des;oui;énoncé porteur d'un fait vérifiable, ancré sur « Article 30 » (311 caractères), exceptions « identified_and_incorporated »;STRUCTURES — derogation, conditions_cumulatives, delai, regime_particulier || CONSTATS — 1 disposition(s) limitante(s) recopiée(s) du texte officiel (derogation)
DORA-R-012;DORA;CLASSIFICATION;HIGH;source_checked;Règlement (UE) 2022/2554 (DORA);Article 31;https://eur-lex.europa.eu/legal-content/FR/TXT/?uri=CELEX:32022R2554;2020-01-01;L'article 31 organise la désignation, par les autorités européennes de surveillance, des prestataires tiers de services TIC critiques, et les soumet à un cadre de supervision spécifique.;unknown;;;;;;;;;;;;;;;STRUCTURES — conditions_cumulatives, delai || CRITÈRES MANQUANTS — exceptions_recherchees || CONSTATS — aucune structure limitante dans l'article cité — ce qui ne prouve pas qu'aucun autre article n'y déroge : « none_identified » demande un juriste
DORA-R-013;DORA;DEADLINE;HIGH;source_checked;Règlement (UE) 2022/2554 (DORA);Article 64;https://eur-lex.europa.eu/legal-content/FR/TXT/?uri=CELEX:32022R2554;2020-01-01;Le règlement (UE) 2022/2554 est entré en vigueur après sa publication et s'applique à compter du 17 janvier 2025.;none_identified;;;;;;;;;;;;;;;"STRUCTURES — aucune || CRITÈRES MANQUANTS — exceptions_recherchees, conditions_capturees, temporalite_etablie || CONSTATS — aucune structure limitante dans l'article cité — ce qui ne prouve pas qu'aucun autre article n'y déroge : « none_identified » demande un juriste ; temporalité non établie (statut « IN_FORCE »)"
LCBFT-R-001;LCBFT;SCOPE;CRITICAL;draft;Code monétaire et financier;Article L.561-2;https://www.legifrance.gouv.fr/codes/section_lc/LEGITEXT000006072026/LEGISCTA000020196177;2020-01-01;L'article L.561-2 du code monétaire et financier énumère les personnes assujetties aux obligations de lutte contre le blanchiment de capitaux et le financement du terrorisme.;unknown;;;;;;;;;;;;;;;STRUCTURES — aucune || CONSTATS — texte de l'article non disponible : la structure juridique n'a pas pu être examinée, et une absence d'exception ne se suppose pas
LCBFT-R-002;LCBFT;OBLIGATION;CRITICAL;draft;Code monétaire et financier;Article L.561-4-1;https://www.legifrance.gouv.fr/codes/section_lc/LEGITEXT000006072026/LEGISCTA000020196177;2020-01-01;L'article L.561-4-1 du code monétaire et financier impose aux personnes assujetties de définir et de mettre en place des dispositifs d'identification et d'évaluation des risques de blanchiment et de financement du terrorisme auxquels elles sont exposées, et d'élaborer une classification de ces risques.;unknown;;;;;;;;;;;;;;;STRUCTURES — aucune || CONSTATS — texte de l'article non disponible : la structure juridique n'a pas pu être examinée, et une absence d'exception ne se suppose pas
LCBFT-R-003;LCBFT;OBLIGATION;CRITICAL;draft;Code monétaire et financier;Article L.561-5;https://www.legifrance.gouv.fr/codes/section_lc/LEGITEXT000006072026/LEGISCTA000020196177;2020-01-01;L'article L.561-5 du code monétaire et financier impose d'identifier le client et, le cas échéant, le bénéficiaire effectif, et de vérifier ces éléments d'identification avant d'entrer en relation d'affaires.;unknown;;;;;;;;;;;;;;;STRUCTURES — aucune || CONSTATS — texte de l'article non disponible : la structure juridique n'a pas pu être examinée, et une absence d'exception ne se suppose pas
LCBFT-R-004;LCBFT;OBLIGATION;HIGH;draft;Code monétaire et financier;Article L.561-5-1;https://www.legifrance.gouv.fr/codes/section_lc/LEGITEXT000006072026/LEGISCTA000020196177;2020-01-01;L'article L.561-5-1 du code monétaire et financier impose de recueillir, avant d'entrer en relation d'affaires, les informations relatives à l'objet et à la nature de cette relation et tout élément d'information pertinent.;unknown;;;;;;;;;;;;;;;STRUCTURES — aucune || CONSTATS — texte de l'article non disponible : la structure juridique n'a pas pu être examinée, et une absence d'exception ne se suppose pas
LCBFT-R-005;LCBFT;DEFINITION;CRITICAL;draft;Code monétaire et financier;Articles L.561-2-2 et R.561-1 et suivants;https://www.legifrance.gouv.fr/codes/section_lc/LEGITEXT000006072026/LEGISCTA000020196177;2020-01-01;Le code monétaire et financier impose d'identifier et de vérifier l'identité du bénéficiaire effectif de la relation d'affaires, les modalités et critères de détermination étant fixés par sa partie réglementaire.;unknown;;;;;;;;;;;;;;;STRUCTURES — aucune || CONSTATS — texte de l'article non disponible : la structure juridique n'a pas pu être examinée, et une absence d'exception ne se suppose pas
LCBFT-R-006;LCBFT;OBLIGATION;CRITICAL;draft;Code monétaire et financier;Article L.561-6;https://www.legifrance.gouv.fr/codes/section_lc/LEGITEXT000006072026/LEGISCTA000020196177;2020-01-01;L'article L.561-6 du code monétaire et financier impose d'exercer une vigilance constante pendant toute la durée de la relation d'affaires et de procéder à un examen attentif des opérations effectuées, en veillant à ce qu'elles soient cohérentes avec la connaissance actualisée du client.;unknown;;;;;;;;;;;;;;;STRUCTURES — aucune || CONSTATS — texte de l'article non disponible : la structure juridique n'a pas pu être examinée, et une absence d'exception ne se suppose pas
LCBFT-R-007;LCBFT;OBLIGATION;CRITICAL;draft;Code monétaire et financier;Article L.561-10;https://www.legifrance.gouv.fr/codes/section_lc/LEGITEXT000006072026/LEGISCTA000020196177;2020-01-01;L'article L.561-10 du code monétaire et financier énumère les situations dans lesquelles les personnes assujetties appliquent des mesures de vigilance complémentaires à l'égard de leur client.;unknown;;;;;;;;;;;;;;;STRUCTURES — aucune || CONSTATS — texte de l'article non disponible : la structure juridique n'a pas pu être examinée, et une absence d'exception ne se suppose pas
LCBFT-R-008;LCBFT;CLASSIFICATION;CRITICAL;draft;Code monétaire et financier;Articles L.561-10 et R.561-18;https://www.legifrance.gouv.fr/codes/section_lc/LEGITEXT000006072026/LEGISCTA000020196177;2020-01-01;Le code monétaire et financier soumet les relations d'affaires avec des personnes politiquement exposées à des mesures de vigilance complémentaires, la définition et le périmètre de ces personnes étant précisés par sa partie réglementaire.;unknown;;;;;;;;;;;;;;;STRUCTURES — aucune || CONSTATS — texte de l'article non disponible : la structure juridique n'a pas pu être examinée, et une absence d'exception ne se suppose pas
LCBFT-R-009;LCBFT;OBLIGATION;CRITICAL;draft;Code monétaire et financier;Article L.561-15;https://www.legifrance.gouv.fr/codes/section_lc/LEGITEXT000006072026/LEGISCTA000020196177;2020-01-01;L'article L.561-15 du code monétaire et financier impose de déclarer au service Tracfin les sommes ou opérations portant sur des sommes dont les personnes assujetties savent, soupçonnent ou ont de bonnes raisons de soupçonner qu'elles proviennent d'une infraction passible d'une peine privative de liberté supérieure à un an ou sont liées au financement du terrorisme.;unknown;;;;;;;;;;;;;;;STRUCTURES — aucune || CONSTATS — texte de l'article non disponible : la structure juridique n'a pas pu être examinée, et une absence d'exception ne se suppose pas
LCBFT-R-010;LCBFT;PROHIBITION;CRITICAL;draft;Code monétaire et financier;Article L.561-18;https://www.legifrance.gouv.fr/codes/section_lc/LEGITEXT000006072026/LEGISCTA000020196177;2020-01-01;Le code monétaire et financier interdit de porter à la connaissance du client ou de tiers l'existence et le contenu d'une déclaration de soupçon adressée à Tracfin, ainsi que les suites qui lui sont données.;unknown;;;;;;;;;;;;;;;STRUCTURES — aucune || CONSTATS — texte de l'article non disponible : la structure juridique n'a pas pu être examinée, et une absence d'exception ne se suppose pas
LCBFT-R-011;LCBFT;RECORD_KEEPING;HIGH;draft;Code monétaire et financier;Article L.561-12;https://www.legifrance.gouv.fr/codes/section_lc/LEGITEXT000006072026/LEGISCTA000020196177;2020-01-01;L'article L.561-12 du code monétaire et financier impose de conserver pendant cinq ans à compter de la clôture des comptes ou de la cessation des relations les documents et informations relatifs à l'identité des clients et aux opérations effectuées.;unknown;;;;;;;;;;;;;;;STRUCTURES — aucune || CONSTATS — texte de l'article non disponible : la structure juridique n'a pas pu être examinée, et une absence d'exception ne se suppose pas
LCBFT-R-012;LCBFT;PROHIBITION;CRITICAL;draft;Code monétaire et financier;Article L.561-8;https://www.legifrance.gouv.fr/codes/section_lc/LEGITEXT000006072026/LEGISCTA000020196177;2020-01-01;L'article L.561-8 du code monétaire et financier dispose que, lorsque la personne assujettie n'est pas en mesure d'identifier son client ou d'obtenir les informations sur l'objet et la nature de la relation d'affaires, elle n'exécute aucune opération et n'établit ni ne poursuit aucune relation d'affaires.;unknown;;;;;;;;;;;;;;;STRUCTURES — aucune || CONSTATS — texte de l'article non disponible : la structure juridique n'a pas pu être examinée, et une absence d'exception ne se suppose pas
LCBFT-R-013;LCBFT;SCOPE;HIGH;source_checked;Directive (UE) 2015/849, modifiée par la directive (UE) 2018/843;Ensemble de la directive;https://eur-lex.europa.eu/legal-content/FR/TXT/?uri=CELEX:32015L0849;2020-01-01;La directive (UE) 2015/849, modifiée notamment par la directive (UE) 2018/843, constitue le cadre européen relatif à la prévention de l'utilisation du système financier aux fins du blanchiment de capitaux et du financement du terrorisme, transposé en droit français dans le code monétaire et financier.;unknown;;;;;;;;;;;;;;;STRUCTURES — aucune || CONSTATS — texte de l'article non disponible : la structure juridique n'a pas pu être examinée, et une absence d'exception ne se suppose pas
MIFID-R-001;MIFID;OBLIGATION;HIGH;validated;Directive 2014/65/UE (MIFID II);Article 24;https://eur-lex.europa.eu/legal-content/FR/TXT/?uri=CELEX:32014L0065;2020-01-01;L'article 24 de la directive 2014/65/UE impose aux entreprises d'investissement d'agir d'une manière honnête, équitable et professionnelle qui serve au mieux les intérêts de leurs clients, et fixe les exigences générales d'information, notamment le caractère correct, clair et non trompeur des informations adressées aux clients.;identified_and_incorporated;confirme;primary_text_fetched;;;validated;;;;;;identified_and_incorporated;Les avantages monétaires mineurs qui sont susceptibles d’améliorer la qualité du service fourni à un client et dont la grandeur et la nature sont telles qu’ils ne peuvent être pas considérés comme empêchant le respect par l’entreprise d’investissement de son devoir d’agir au mieux des intérêts du client, doivent être clairement signalés et sont exclus du présent point. 8. | Les avantages monétaires mineurs qui sont susceptibles d’améliorer la qualité du service fourni à un client et dont la grandeur et la nature sont telles qu’ils ne peuvent pas être considérés comme empêchant le respect par l’entreprise d’investissement de son devoir d’agir au mieux des intérêts du client, sont clairement signalés et sont exclus du présent paragraphe. 9.;non;l'énoncé décrit le texte au lieu de le dire (notamment) : une réponse de référence devrait réinterpréter le droit pour être écrite;STRUCTURES — exclusion, conditions_cumulatives, delai, regime_particulier || CONSTATS — 2 disposition(s) limitante(s) recopiée(s) du texte officiel (exclusion)
MIFID-R-002;MIFID;OBLIGATION;CRITICAL;source_checked;Directive 2014/65/UE (MIFID II);Article 25;https://eur-lex.europa.eu/legal-content/FR/TXT/?uri=CELEX:32014L0065;2020-01-01;L'article 25 de la directive 2014/65/UE impose, lorsqu'un conseil en investissement ou un service de gestion de portefeuille est fourni, de se procurer les informations nécessaires sur les connaissances et l'expérience du client, sa situation financière y compris sa capacité à subir des pertes, et ses objectifs d'investissement y compris sa tolérance au risque, afin de recommander les services et instruments qui lui conviennent.;unknown;;;;;;;;;;;;;;;STRUCTURES — conditions_cumulatives, delai, regime_particulier, definition_necessaire || CRITÈRES MANQUANTS — exceptions_recherchees || CONSTATS — aucune structure limitante dans l'article cité — ce qui ne prouve pas qu'aucun autre article n'y déroge : « none_identified » demande un juriste
MIFID-R-003;MIFID;OBLIGATION;CRITICAL;source_checked;Directive 2014/65/UE (MIFID II);Article 25;https://eur-lex.europa.eu/legal-content/FR/TXT/?uri=CELEX:32014L0065;2020-01-01;L'article 25 impose, pour les services autres que le conseil en investissement et la gestion de portefeuille, de demander au client des informations sur ses connaissances et son expérience afin d'évaluer si le service ou l'instrument est approprié, et de l'avertir lorsque tel n'est pas le cas.;unknown;;;;;;;;;;;;;;;STRUCTURES — conditions_cumulatives, delai, regime_particulier, definition_necessaire || CRITÈRES MANQUANTS — exceptions_recherchees || CONSTATS — aucune structure limitante dans l'article cité — ce qui ne prouve pas qu'aucun autre article n'y déroge : « none_identified » demande un juriste
MIFID-R-004;MIFID;EXCEPTION;CRITICAL;source_checked;Directive 2014/65/UE (MIFID II);Article 25;https://eur-lex.europa.eu/legal-content/FR/TXT/?uri=CELEX:32014L0065;2020-01-01;L'article 25 permet, à certaines conditions, de fournir des services de réception-transmission ou d'exécution d'ordres sans procéder à l'évaluation du caractère approprié, lorsque le service porte sur des instruments financiers non complexes, qu'il est fourni à l'initiative du client et que celui-ci a été averti.;unknown;;;;;;;;;;;;;;;STRUCTURES — conditions_cumulatives, delai, regime_particulier, definition_necessaire || CRITÈRES MANQUANTS — exceptions_recherchees || CONSTATS — aucune structure limitante dans l'article cité — ce qui ne prouve pas qu'aucun autre article n'y déroge : « none_identified » demande un juriste
MIFID-R-005;MIFID;DISCLOSURE;HIGH;source_checked;Directive 2014/65/UE (MIFID II);Article 25;https://eur-lex.europa.eu/legal-content/FR/TXT/?uri=CELEX:32014L0065;2020-01-01;L'article 25 impose, en cas de conseil en investissement à un client de détail, de lui fournir une déclaration d'adéquation précisant le conseil fourni et la manière dont il répond à ses préférences, objectifs et autres caractéristiques.;unknown;;;;;;;;;;;;;;;STRUCTURES — conditions_cumulatives, delai, regime_particulier, definition_necessaire || CRITÈRES MANQUANTS — exceptions_recherchees || CONSTATS — aucune structure limitante dans l'article cité — ce qui ne prouve pas qu'aucun autre article n'y déroge : « none_identified » demande un juriste
MIFID-R-006;MIFID;DEFINITION;CRITICAL;source_checked;Règlement délégué (UE) 2017/565, modifié par le règlement délégué (UE) 2021/1253;Article 2 et article 54 du règlement délégué (UE) 2017/565 modifié;https://eur-lex.europa.eu/legal-content/FR/TXT/?uri=CELEX:32021R1253;2020-01-01;Le règlement délégué (UE) 2021/1253, qui modifie le règlement délégué (UE) 2017/565, introduit la notion de préférences en matière de durabilité et impose de les recueillir dans le cadre de l'évaluation de l'adéquation.;unknown;;;;;;;;;;;;;;;"STRUCTURES — exemption, conditions_cumulatives, conditions_alternatives, regime_particulier, renvoi, definition_necessaire || CRITÈRES MANQUANTS — temporalite_etablie || CONSTATS — 3 disposition(s) limitante(s) recopiée(s) du texte officiel (exemption) ; renvois vérifiés dans l'acte : articles 3, 25 ; temporalité non établie (statut « IN_FORCE »)"
MIFID-R-007;MIFID;PROCEDURE;CRITICAL;validated;Règlement délégué (UE) 2017/565 modifié;Article 54;https://eur-lex.europa.eu/legal-content/FR/TXT/?uri=CELEX:02017R0565-20220802;2022-08-02;L'article 54, paragraphe 10, du règlement délégué (UE) 2017/565, dans sa version applicable à partir du 2 août 2022, prévoit que lorsque aucun instrument financier ne répond aux préférences du client ou du client potentiel en matière de durabilité, et que le client décide de modifier ces préférences, l'entreprise d'investissement conserve un enregistrement de la décision du client et des motifs de cette dernière.;identified_and_incorporated;confirme;primary_text_fetched;;;validated;;;;;;identified_and_incorporated;Lorsqu'une entreprise d'investissement fournit un service d'investissement à un client professionnel, elle est autorisée à présumer qu'en ce qui concerne les produits, les transactions et les services pour lesquels il est classé comme tel, le client possède le niveau requis d'expérience et de connaissance aux fins du paragraphe 2, point c). | Lorsque ce service d'investissement consiste en la fourniture d'un conseil en investissement à un client professionnel relevant de l'annexe II, section 1, de la directive 2014/65/UE, l'entreprise d'investissement est autorisée à présumer, aux fins du paragraphe 2, point b), que ce client est financièrement en mesure de supporter tout risque lié à l'investissement compte tenu des objectifs d'invest | Lorsqu'une entreprise d'investissement fournit un service qui implique de mener périodiquement des évaluations de l'adéquation et d'établir les rapports connexes, les rapports établis après la mise en place du service initial peuvent ne couvrir que les changements affectant les services ou instruments concernés et/ou la situation du client et peuvent ne pas répéter tous les détails du premier rapp;oui;énoncé porteur d'un fait vérifiable, ancré sur « Article 54 » (416 caractères), exceptions « identified_and_incorporated »;"STRUCTURES — exemption, conditions_cumulatives, regime_particulier, renvoi || CONSTATS — 3 disposition(s) limitante(s) recopiée(s) du texte officiel (exemption) ; renvois vérifiés dans l'acte : articles 25"
MIFID-R-008;MIFID;RECORD_KEEPING;HIGH;validated;Directive 2014/65/UE (MIFID II);Article 16;https://eur-lex.europa.eu/legal-content/FR/TXT/?uri=CELEX:32014L0065;2020-01-01;L'article 16 de la directive 2014/65/UE impose de conserver les enregistrements de tous les services, activités et transactions, d'une manière permettant à l'autorité compétente de reconstituer chaque étape essentielle du traitement de chaque transaction.;identified_and_incorporated;confirme;primary_text_fetched;;;validated;;;;;;identified_and_incorporated;Les politiques, processus et dispositifs visés au présent paragraphe sont sans préjudice de toutes les autres prescriptions prévues par la présente directive et par le règlement (UE) n o 600/2014, y compris à celles applicables à la publication, à l’adéquation ou au caractère approprié, à la détection et à la gestion des conflits d’intérêts, et aux incitations. 4. | Sans préjudice de la capacité des autorités compétentes d’exiger l’accès aux communications conformément à la présente directive et au règlement (UE) n o 600/2014, toute entreprise d’investissement dispose de mécanismes de sécurité solides pour garantir la sécurité et l’authentification des moyens de transfert de l’information, réduire au minimum le risque de corruption des données et d’accès non | Toute entreprise d’investissement prend, lorsqu’elle détient des instruments financiers appartenant à des clients, des dispositions appropriées pour sauvegarder les droits de propriété desdits clients, notamment en cas d’insolvabilité de l’entreprise, et pour empêcher l’utilisation des instruments financiers en question pour compte propre, sauf consentement exprès des clients. 9. | Toute entreprise d’investissement prend, lorsqu’elle détient des fonds appartenant à des clients, des dispositions appropriées pour sauvegarder les droits desdits clients et, sauf dans le cas d’établissements de crédit, pour empêcher l’utilisation des fonds en question pour compte propre. 10. | Pour toute succursale d’une entreprise d’investissement, l’autorité compétente de l’État membre où cette succursale est établie fait appliquer l’obligation prévue aux paragraphes 6 et 7 pour ce qui concerne les transactions effectuées par la succursale, sans préjudice de la possibilité, pour l’autorité compétente de l’État membre d’origine de l’entreprise d’investissement, d’accéder directement au;oui;énoncé porteur d'un fait vérifiable, ancré sur « Article 16 » (255 caractères), exceptions « identified_and_incorporated »;STRUCTURES — derogation, exclusion, conditions_cumulatives, delai, regime_particulier || CONSTATS — 5 disposition(s) limitante(s) recopiée(s) du texte officiel (derogation, exclusion)
MIFID-R-009;MIFID;OBLIGATION;HIGH;validated;Directive 2014/65/UE (MIFID II);Article 27;https://eur-lex.europa.eu/legal-content/FR/TXT/?uri=CELEX:32014L0065;2020-01-01;L'article 27 de la directive 2014/65/UE impose de prendre toutes les mesures suffisantes pour obtenir, lors de l'exécution des ordres, le meilleur résultat possible pour le client, compte tenu du prix, du coût, de la rapidité, de la probabilité d'exécution et du règlement, de la taille et de la nature de l'ordre.;identified_and_incorporated;confirme;primary_text_fetched;;;validated;;;;;;identified_and_incorporated;Néanmoins, chaque fois qu’il existe une instruction spécifique donnée par les clients, l’entreprise d’investissement exécute l’ordre en suivant cette instruction.;oui;énoncé porteur d'un fait vérifiable, ancré sur « Article 27 » (314 caractères), exceptions « identified_and_incorporated »;STRUCTURES — derogation, conditions_cumulatives, delai || CONSTATS — 1 disposition(s) limitante(s) recopiée(s) du texte officiel (derogation)
MIFID-R-010;MIFID;GOVERNANCE;MEDIUM;validated;Directive 2014/65/UE (MIFID II);Article 9;https://eur-lex.europa.eu/legal-content/FR/TXT/?uri=CELEX:32014L0065;2020-01-01;L'article 9 de la directive 2014/65/UE fixe les exigences relatives à l'organe de direction des entreprises d'investissement, notamment sa responsabilité dans la définition et la surveillance des dispositifs de gouvernance assurant une gestion efficace et prudente.;identified_and_incorporated;confirme;primary_text_fetched;;;validated;;;;;;identified_and_incorporated;"Sans préjudice des exigences établies à l’article 88, paragraphe 1, de la directive 2013/36/UE, ce dispositif garantit également que l’organe de direction définisse, approuve et supervise: a) l’organisation de l’entreprise pour la fourniture de services d’investissement, l’exercice d’activités d’investissement et la fourniture de services auxiliaires, y compris les compétences, les connaissances e | Par dérogation au premier alinéa, les États membres peuvent agréer des entreprises d’investissement qui sont des personnes physiques ou des personnes morales, dirigées par une seule et unique personne physique, conformément à leurs statuts et au droit national. | Les États membres exigent néanmoins que: a) d’autres mesures garantissant la gestion saine et prudente de telles entreprises d’investissement soient alors mises en place et que l’intérêt des clients et l’intégrité du marché soient dûment pris en compte; b) les personnes physiques concernées jouissent d’une honorabilité suffisante, possèdent les connaissances, les compétences et l’expérience nécess";non;l'énoncé décrit le texte au lieu de le dire (notamment) : une réponse de référence devrait réinterpréter le droit pour être écrite;STRUCTURES — derogation, conditions_cumulatives || CONSTATS — 3 disposition(s) limitante(s) recopiée(s) du texte officiel (derogation)
MIFID-R-011;MIFID;PROCEDURE;HIGH;validated;Règlement délégué (UE) 2017/565;Article 54;https://eur-lex.europa.eu/legal-content/FR/TXT/?uri=CELEX:02017R0565-20220802;2022-08-02;L'article 54, paragraphe 2, du règlement délégué (UE) 2017/565 impose aux entreprises d'investissement d'obtenir de leurs clients ou clients potentiels toutes les informations nécessaires pour disposer d'une base suffisante permettant de déterminer que la transaction recommandée ou engagée répond aux objectifs d'investissement du client, y compris sa tolérance au risque et ses éventuelles préférences en matière de durabilité, que le client est financièrement en mesure de faire face à tout risque lié, et qu'il possède l'expérience et la connaissance nécessaires pour comprendre les risques inhérents à la transaction. Le paragraphe 7 du même article impose aux entreprises de prendre des mesures raisonnables pour garantir la fiabilité des informations recueillies auprès des clients.;identified_and_incorporated;confirme;primary_text_fetched;;;validated;;;;;;identified_and_incorporated;Lorsqu'une entreprise d'investissement fournit un service d'investissement à un client professionnel, elle est autorisée à présumer qu'en ce qui concerne les produits, les transactions et les services pour lesquels il est classé comme tel, le client possède le niveau requis d'expérience et de connaissance aux fins du paragraphe 2, point c). | Lorsque ce service d'investissement consiste en la fourniture d'un conseil en investissement à un client professionnel relevant de l'annexe II, section 1, de la directive 2014/65/UE, l'entreprise d'investissement est autorisée à présumer, aux fins du paragraphe 2, point b), que ce client est financièrement en mesure de supporter tout risque lié à l'investissement compte tenu des objectifs d'invest | Lorsqu'une entreprise d'investissement fournit un service qui implique de mener périodiquement des évaluations de l'adéquation et d'établir les rapports connexes, les rapports établis après la mise en place du service initial peuvent ne couvrir que les changements affectant les services ou instruments concernés et/ou la situation du client et peuvent ne pas répéter tous les détails du premier rapp;oui;énoncé porteur d'un fait vérifiable, ancré sur « Article 54 » (789 caractères), exceptions « identified_and_incorporated »;"STRUCTURES — exemption, conditions_cumulatives, regime_particulier, renvoi || CONSTATS — 3 disposition(s) limitante(s) recopiée(s) du texte officiel (exemption) ; renvois vérifiés dans l'acte : articles 25"
SFDR-R-001;SFDR;DEFINITION;CRITICAL;source_checked;Règlement (UE) 2019/2088 (SFDR);Article 2;https://eur-lex.europa.eu/legal-content/FR/TXT/?uri=CELEX:32019R2088;2020-01-01;L'article 2 du règlement (UE) 2019/2088 définit l'« investissement durable » comme un investissement dans une activité économique qui contribue à un objectif environnemental ou social, sous réserve que cet investissement ne cause de préjudice important à aucun de ces objectifs et que les sociétés bénéficiaires appliquent des pratiques de bonne gouvernance.;none_identified;;;;;;;;;;;;;;;STRUCTURES — definition_necessaire || CRITÈRES MANQUANTS — exceptions_recherchees || CONSTATS — aucune structure limitante dans l'article cité — ce qui ne prouve pas qu'aucun autre article n'y déroge : « none_identified » demande un juriste
SFDR-R-002;SFDR;DISCLOSURE;HIGH;source_checked;Règlement (UE) 2019/2088 (SFDR);Article 3;https://eur-lex.europa.eu/legal-content/FR/TXT/?uri=CELEX:32019R2088;2020-01-01;L'article 3 impose aux acteurs des marchés financiers et aux conseillers financiers de publier sur leur site internet des informations sur leurs politiques d'intégration des risques en matière de durabilité dans leur processus de décision d'investissement ou de conseil.;unknown;;;;;;;;;;;;;;;STRUCTURES — aucune || CRITÈRES MANQUANTS — exceptions_recherchees, conditions_capturees || CONSTATS — aucune structure limitante dans l'article cité — ce qui ne prouve pas qu'aucun autre article n'y déroge : « none_identified » demande un juriste
SFDR-R-003;SFDR;DISCLOSURE;CRITICAL;source_checked;Règlement (UE) 2019/2088 (SFDR);Article 4;https://eur-lex.europa.eu/legal-content/FR/TXT/?uri=CELEX:32019R2088;2020-01-01;L'article 4 impose de publier une déclaration sur les politiques de diligence raisonnable relatives aux principales incidences négatives des décisions d'investissement sur les facteurs de durabilité, ou d'expliquer clairement pourquoi ces incidences ne sont pas prises en compte.;unknown;;;;;;;;;;;;;;;"STRUCTURES — derogation, conditions_cumulatives, delai || CRITÈRES MANQUANTS — temporalite_etablie || CONSTATS — 2 disposition(s) limitante(s) recopiée(s) du texte officiel (derogation) ; temporalité non établie (statut « IN_FORCE »)"
SFDR-R-004;SFDR;GOVERNANCE;MEDIUM;source_checked;Règlement (UE) 2019/2088 (SFDR);Article 5;https://eur-lex.europa.eu/legal-content/FR/TXT/?uri=CELEX:32019R2088;2020-01-01;L'article 5 impose d'inclure dans les politiques de rémunération des informations sur la manière dont ces politiques sont cohérentes avec l'intégration des risques en matière de durabilité, et de les publier sur le site internet.;unknown;;;;;;;;;;;;;;;STRUCTURES — aucune || CRITÈRES MANQUANTS — exceptions_recherchees, conditions_capturees || CONSTATS — aucune structure limitante dans l'article cité — ce qui ne prouve pas qu'aucun autre article n'y déroge : « none_identified » demande un juriste
SFDR-R-005;SFDR;DISCLOSURE;CRITICAL;source_checked;Règlement (UE) 2019/2088 (SFDR);Article 6;https://eur-lex.europa.eu/legal-content/FR/TXT/?uri=CELEX:32019R2088;2020-01-01;L'article 6 impose d'inclure dans les informations précontractuelles la manière dont les risques en matière de durabilité sont intégrés dans les décisions d'investissement et les résultats de l'évaluation de leurs incidences probables sur le rendement, ou d'expliquer pourquoi ces risques sont jugés non pertinents.;unknown;;;;;;;;;;;;;;;STRUCTURES — aucune || CRITÈRES MANQUANTS — exceptions_recherchees, conditions_capturees || CONSTATS — aucune structure limitante dans l'article cité — ce qui ne prouve pas qu'aucun autre article n'y déroge : « none_identified » demande un juriste
SFDR-R-006;SFDR;DISCLOSURE;HIGH;source_checked;Règlement (UE) 2019/2088 (SFDR);Article 7;https://eur-lex.europa.eu/legal-content/FR/TXT/?uri=CELEX:32019R2088;2020-01-01;L'article 7 impose d'indiquer dans l'information précontractuelle si un produit financier prend en compte les principales incidences négatives sur les facteurs de durabilité, et le cas échéant comment.;unknown;;;;;;;;;;;;;;;"STRUCTURES — delai || CRITÈRES MANQUANTS — exceptions_recherchees, temporalite_etablie || CONSTATS — aucune structure limitante dans l'article cité — ce qui ne prouve pas qu'aucun autre article n'y déroge : « none_identified » demande un juriste ; temporalité non établie (statut « IN_FORCE »)"
SFDR-R-008;SFDR;CLASSIFICATION;CRITICAL;source_checked;Règlement (UE) 2019/2088 (SFDR);Article 8;https://eur-lex.europa.eu/legal-content/FR/TXT/?uri=CELEX:32019R2088;2020-01-01;L'article 8 vise les produits financiers qui promeuvent, entre autres caractéristiques, des caractéristiques environnementales ou sociales, et impose de préciser dans l'information précontractuelle comment ces caractéristiques sont respectées.;unknown;;;;;;;;;;;;;;;STRUCTURES — conditions_cumulatives, delai || CRITÈRES MANQUANTS — exceptions_recherchees || CONSTATS — aucune structure limitante dans l'article cité — ce qui ne prouve pas qu'aucun autre article n'y déroge : « none_identified » demande un juriste
SFDR-R-009;SFDR;CLASSIFICATION;CRITICAL;validated;Règlement (UE) 2019/2088 (SFDR);Article 9;https://eur-lex.europa.eu/legal-content/FR/TXT/?uri=CELEX:32019R2088;2020-01-01;L'article 9 vise les produits financiers qui ont l'investissement durable pour objectif et fixe les informations précontractuelles correspondantes, notamment l'explication de la manière dont cet objectif doit être atteint et, lorsqu'un indice est désigné comme indice de référence, la façon dont il est aligné sur cet objectif.;identified_and_incorporated;confirme;primary_text_fetched;;;validated;;;;;;identified_and_incorporated;Par dérogation au paragraphe 2 du présent article, lorsqu’aucun indice de référence transition climatique de l’Union ou indice de référence accord de Paris de l’Union conformément au règlement (UE) 2016/1011 du Parlement européen et du Conseil Règlement (UE) 2016/1011 du Parlement européen et du Conseil du 8 juin 2016 concernant les indices utilisés comme indices de référence dans le cadre d’instr;oui;énoncé porteur d'un fait vérifiable, ancré sur « Article 9 » (327 caractères), exceptions « identified_and_incorporated »;STRUCTURES — derogation, conditions_cumulatives, delai || CONSTATS — 1 disposition(s) limitante(s) recopiée(s) du texte officiel (derogation)
SFDR-R-010;SFDR;DISCLOSURE;MEDIUM;source_checked;Règlement (UE) 2019/2088 (SFDR);Article 10;https://eur-lex.europa.eu/legal-content/FR/TXT/?uri=CELEX:32019R2088;2020-01-01;L'article 10 impose de publier et de tenir à jour, sur le site internet, des informations relatives aux produits relevant des articles 8 et 9, notamment la description des caractéristiques ou de l'objectif d'investissement durable et les méthodes utilisées pour les évaluer et les suivre.;unknown;;;;;;;;;;;;;;;STRUCTURES — conditions_cumulatives, delai || CRITÈRES MANQUANTS — exceptions_recherchees || CONSTATS — aucune structure limitante dans l'article cité — ce qui ne prouve pas qu'aucun autre article n'y déroge : « none_identified » demande un juriste
SFDR-R-011;SFDR;DISCLOSURE;HIGH;source_checked;Règlement (UE) 2019/2088 (SFDR);Article 11;https://eur-lex.europa.eu/legal-content/FR/TXT/?uri=CELEX:32019R2088;2020-01-01;L'article 11 impose d'inclure dans les rapports périodiques des produits relevant des articles 8 et 9 une description de la mesure dans laquelle les caractéristiques environnementales ou sociales sont respectées, ou de l'incidence globale du produit en matière de durabilité.;unknown;;;;;;;;;;;;;;;STRUCTURES — conditions_cumulatives, delai || CRITÈRES MANQUANTS — exceptions_recherchees || CONSTATS — aucune structure limitante dans l'article cité — ce qui ne prouve pas qu'aucun autre article n'y déroge : « none_identified » demande un juriste
SFDR-R-012;SFDR;OBLIGATION;MEDIUM;source_checked;Règlement (UE) 2019/2088 (SFDR);Article 12;https://eur-lex.europa.eu/legal-content/FR/TXT/?uri=CELEX:32019R2088;2020-01-01;L'article 12 impose de tenir à jour les informations publiées au titre des articles 3, 5 et 10 et, en cas de modification d'une information, d'en publier une explication claire.;unknown;;;;;;;;;;;;;;;STRUCTURES — aucune || CRITÈRES MANQUANTS — exceptions_recherchees, conditions_capturees || CONSTATS — aucune structure limitante dans l'article cité — ce qui ne prouve pas qu'aucun autre article n'y déroge : « none_identified » demande un juriste
SFDR-R-013;SFDR;OBLIGATION;HIGH;validated;Règlement (UE) 2019/2088 (SFDR);Article 13;https://eur-lex.europa.eu/legal-content/FR/TXT/?uri=CELEX:32019R2088;2020-01-01;L'article 13 impose que les communications publicitaires ne contredisent pas les informations publiées au titre du règlement.;identified_and_incorporated;confirme;primary_text_fetched;;;validated;;;;;;identified_and_incorporated;Sans préjudice d’une législation sectorielle plus stricte, en particulier les directives 2009/65/CE, 2014/65/UE et (UE) 2016/97 et le règlement (UE) n o 1286/2014, les acteurs des marchés financiers et les conseillers financiers veillent à ce que leurs communications publicitaires ne contredisent pas les informations publiées en vertu du présent règlement. 2.;oui;énoncé porteur d'un fait vérifiable, ancré sur « Article 13 » (125 caractères), exceptions « identified_and_incorporated »;STRUCTURES — derogation || CONSTATS — 1 disposition(s) limitante(s) recopiée(s) du texte officiel (derogation)
SFDR-R-014;SFDR;DISCLOSURE;HIGH;source_checked;Règlement délégué (UE) 2022/1288 (RTS SFDR);Ensemble du règlement délégué;https://eur-lex.europa.eu/legal-content/FR/TXT/?uri=CELEX:32022R1288;2020-01-01;Le règlement délégué (UE) 2022/1288 précise le contenu, les méthodes et la présentation des informations SFDR, et fixe des modèles obligatoires en annexe pour les informations précontractuelles et périodiques des produits relevant des articles 8 et 9.;unknown;;;;;;;;;;;;;;;STRUCTURES — aucune || CONSTATS — texte de l'article non disponible : la structure juridique n'a pas pu être examinée, et une absence d'exception ne se suppose pas
TAXO-R-001;SFDR;CLASSIFICATION;CRITICAL;source_checked;Règlement (UE) 2020/852 (Taxonomie);Article 3;https://eur-lex.europa.eu/legal-content/FR/TXT/?uri=CELEX:32020R0852;2020-01-01;L'article 3 du règlement (UE) 2020/852 énonce les critères cumulatifs permettant de qualifier une activité économique de durable sur le plan environnemental : contribution substantielle à un ou plusieurs objectifs environnementaux, absence de préjudice important aux autres objectifs, respect de garanties minimales et conformité aux critères d'examen technique.;unknown;;;;;;;;;;;;;;;STRUCTURES — aucune || CRITÈRES MANQUANTS — exceptions_recherchees, conditions_capturees || CONSTATS — aucune structure limitante dans l'article cité — ce qui ne prouve pas qu'aucun autre article n'y déroge : « none_identified » demande un juriste
TAXO-R-002;SFDR;DEFINITION;HIGH;source_checked;Règlement (UE) 2020/852 (Taxonomie);Article 9;https://eur-lex.europa.eu/legal-content/FR/TXT/?uri=CELEX:32020R0852;2020-01-01;L'article 9 du règlement (UE) 2020/852 énumère six objectifs environnementaux : atténuation du changement climatique, adaptation au changement climatique, utilisation durable et protection des ressources aquatiques et marines, transition vers une économie circulaire, prévention et réduction de la pollution, et protection et restauration de la biodiversité et des écosystèmes.;none_identified;;;;;;;;;;;;;;;STRUCTURES — aucune || CRITÈRES MANQUANTS — exceptions_recherchees, conditions_capturees || CONSTATS — aucune structure limitante dans l'article cité — ce qui ne prouve pas qu'aucun autre article n'y déroge : « none_identified » demande un juriste
TAXO-R-003;SFDR;SCOPE;CRITICAL;source_checked;Règlement (UE) 2020/852 (Taxonomie);Articles 17 et 18;https://eur-lex.europa.eu/legal-content/FR/TXT/?uri=CELEX:32020R0852;2020-01-01;L'article 17 du règlement (UE) 2020/852 définit ce qu'il faut entendre par préjudice important causé aux objectifs environnementaux, et l'article 18 fixe les garanties minimales que doit respecter l'activité, en référence à des standards internationaux en matière de droits humains et de travail.;unknown;;;;;;;;;;;;;;;STRUCTURES — conditions_cumulatives || CRITÈRES MANQUANTS — exceptions_recherchees || CONSTATS — aucune structure limitante dans l'article cité — ce qui ne prouve pas qu'aucun autre article n'y déroge : « none_identified » demande un juriste
